-- Listes des Plateformes

insert into Plateforme values ( 1 , 'PC'	);
insert into Plateforme values ( 2 , 'PS3'	);
insert into Plateforme values ( 3 , 'XBOX360'	);
insert into Plateforme values ( 4 , 'WII'	);
insert into Plateforme values ( 5 , 'DS'	);
insert into Plateforme values ( 6 , 'Android'	);
insert into Plateforme values ( 7 , 'iOS'	);


-- Liste des Categories

insert into Categorie values( 1 , 'FPS'		   );
insert into Categorie values( 2 , 'SPORT'    	   );
insert into Categorie values( 3 , 'STRATEGIE'	   );
insert into Categorie values( 4 , 'AVENTURE' 	   );
insert into Categorie values( 5 , 'COURSE'	   );
insert into Categorie values( 6 , 'JEU DE SOCIETE' );
insert into Categorie values( 7 , 'GESTION'  	   );
insert into Categorie values( 8 , 'COMBAT'   	   );
insert into Categorie values( 9 , 'ACTION'   	   );
insert into Categorie values( 10 , 'PLATEFORME'	   );
insert into Categorie values( 11 , 'RYTHME'	   );


 -- Liste des joueurs

insert into Joueur values (  1 , 'Y_MONTAND'  , 'MONTAND'   , 'YVES'        , 'Y_MONTAND@HOTMAIL.COM'	, 2 , 1 , '7505d64a54e061b7acd54ccd58b49dc43500b635' ) ;
insert into Joueur values (  2 , 'N_GARCIA'   , 'GARCIA'    , 'NICOLE'      , 'N_GARCIA@GMAIL.COM'    	, 1 , 2 , '7505d64a54e061b7acd54ccd58b49dc43500b635' ) ;
insert into Joueur values (  3 , 'J_VILLERET' , 'VILLERET'  , 'JACQUES'     , 'J_VILLERET@HOTMAIL.COM' 	, 3 , 3 , '7505d64a54e061b7acd54ccd58b49dc43500b635' ) ;
insert into Joueur values (  4 , 'M_DUBOIS'   , 'DUBOIS'    , 'MARIE'       , 'M_DUBOIS@YAHOO.FR'	, 2 , 4 , '7505d64a54e061b7acd54ccd58b49dc43500b635' ) ;
insert into Joueur values (  5 , 'R_SCHNEIDER', 'SCHNEIDER' , 'ROMY'        , 'R_SCHNEIDER@YAHOO.FR'	, 1 , 5 , '7505d64a54e061b7acd54ccd58b49dc43500b635' ) ;
insert into Joueur values (  6 , 'S_FREY'     , 'FREY'      , 'SAMY'        , 'S_FREY@HOTMAIL.COM'	, 3 , 1	, '7505d64a54e061b7acd54ccd58b49dc43500b635' ) ;
insert into Joueur values (  7 , 'B_RICARDO'  , 'RICARDO'   , 'BRUNOZZI'    , 'B_RICARDO@GMAIL.COM'	, 1 , 2 , '7505d64a54e061b7acd54ccd58b49dc43500b635' ) ;
insert into Joueur values (  8 , 'J_DUPRILLOT', 'DUPRILLOT' , 'JOHEL'       , 'J_DUPRILLOT@HOTMAIL.COM'	, 2 , 4 , '7505d64a54e061b7acd54ccd58b49dc43500b635' ) ;
insert into Joueur values (  9 , 'D_LESTRADOS', 'LESTRADOS' , 'DOMINIQUOS'  , 'D_LESTRADOS@GMAIL.COM'	, 3 , 1	, '7505d64a54e061b7acd54ccd58b49dc43500b635' ) ;
insert into Joueur values ( 10 , 'A_DELON'    , 'DELON'     , 'ALAIN'       , 'A_DELON@HOTMAIL.COM'	, 4 , 2 , '7505d64a54e061b7acd54ccd58b49dc43500b635' ) ;
insert into Joueur values ( 11 , 'L_VENTURA'  , 'VENTURA'   , 'LINO'        , 'L_VENTURA@YAHOO.FR'	, 2 , 3 , '7505d64a54e061b7acd54ccd58b49dc43500b635' ) ;
insert into Joueur values ( 12 , 'L_MASSARI'  , 'MASSARI'   , 'LEA'         , 'L_MASSARI@GMAIL.COM'	, 1 , 1	, '7505d64a54e061b7acd54ccd58b49dc43500b635' ) ;
insert into Joueur values ( 13 , 'J_POIRET'   , 'POIRET'    , 'JEAN'        , 'J_POIRET@HOTMAIL.COM'	, 3 , 5 , '7505d64a54e061b7acd54ccd58b49dc43500b635' ) ;
insert into Joueur values ( 14 , 'F_CLUZET'   , 'CLUZET'    , 'FRANCOIS'    , 'F_CLUZET@YAHOO.FR'	, 2 , 4 , '7505d64a54e061b7acd54ccd58b49dc43500b635' ) ;
insert into Joueur values ( 15 , 'C_MALAVOY'  , 'MALAVOY'   , 'CHRISTOPHE'  , 'C_MALAVOY@HOTMAIL.COM'	, 1 , 1	, '7505d64a54e061b7acd54ccd58b49dc43500b635' ) ;
insert into Joueur values ( 16 , 'B_BOURVIL'  , 'BOURVIL'   , 'BOURVIL'     , 'B_BOURVIL@GMAIL.COM'	, 4 , 2 , '7505d64a54e061b7acd54ccd58b49dc43500b635' ) ;
insert into Joueur values ( 17 , 'Y_ROBERT'   , 'ROBERT'    , 'YVES'        , 'Y_ROBERT@HOTMAIL.COM'	, 2 , 3 , '7505d64a54e061b7acd54ccd58b49dc43500b635' ) ;
insert into Joueur values ( 18 , 'G_MANESSE'  , 'MANESSE'   , 'GASPARD'     , 'G_MANESSE@YAHOO.FR'	, 3 , 1	, '7505d64a54e061b7acd54ccd58b49dc43500b635' ) ;
insert into Joueur values ( 19 , 'A_MANESSE'  , 'BELLI'     , 'AGOSTINA'    , 'A_MANESSE@YAHOO.FR'	, 4 , 5 , '7505d64a54e061b7acd54ccd58b49dc43500b635' ) ;
insert into Joueur values ( 20 , 'C_BRASSEUR' , 'BRASSEUR'  , 'CLAUDE'      , 'C_BRASSEUR@HOTMAIL.COM'	, 2 , 4 , '7505d64a54e061b7acd54ccd58b49dc43500b635' ) ;
insert into Joueur values ( 21 , 'P_MARLAUD'  , 'MARLAUD'   , 'PHILIPPE'    , 'P_MARLAUD@YAHOO.FR'	, 1 , 1	, '7505d64a54e061b7acd54ccd58b49dc43500b635' ) ;
insert into Joueur values ( 22 , 'J_BELMONDO' , 'BELMONDO'  , 'JEAN-PAUL'   , 'J_BELMONDO@GMAIL.COM'	, 3 , 3 , '7505d64a54e061b7acd54ccd58b49dc43500b635' ) ;
insert into Joueur values ( 23 , 'M_ROURKE'   , 'ROURKE'    , 'MICKEY'      , 'M_ROURKE@YAHOO.FR'	, 4 , 5 , '7505d64a54e061b7acd54ccd58b49dc43500b635' ) ;
insert into Joueur values ( 24 , 'K_BASINGER' , 'BASINGER'  , 'KIM'         , 'K_BASINGER@HOTMAIL.COM'	, 2 , 2 , '7505d64a54e061b7acd54ccd58b49dc43500b635' ) ;
insert into Joueur values ( 25 , 'C_DENEUVE'  , 'DENEUVE'   , 'CATHERINE'   , 'C_DENEUVE@GMAIL.COM'	, 1 , 4 , '7505d64a54e061b7acd54ccd58b49dc43500b635' ) ;
insert into Joueur values ( 26 , 'J_GABIN'    , 'GABIN'     , 'JEAN'        , 'J_GABIN@HOTMAIL.COM'	, 2 , 1	, '7505d64a54e061b7acd54ccd58b49dc43500b635' ) ;
insert into Joueur values ( 27 , 'L_DEFUNES' , 'DE FUNES'  , 'LOUIS'        , 'L_DEFUNES@GMAIL.COM'	, 3 , 3 , '7505d64a54e061b7acd54ccd58b49dc43500b635' ) ;
insert into Joueur values ( 28 , 'A_LANGLET'  , 'LANGLET'   , 'AMANDA'      , 'A_LANGLET@HOTMAIL.COM'	, 4 , 4 , '7505d64a54e061b7acd54ccd58b49dc43500b635' ) ;
insert into Joueur values ( 29 , 'J_BARR'     , 'BARR'      , 'JEAN-MARC'   , 'J_BARR@YAHOO.FR'		, 4 , 2 , '7505d64a54e061b7acd54ccd58b49dc43500b635' ) ;
insert into Joueur values ( 30 , 'R_ARQUETTE' , 'ARQUETTE'  , 'ROSANNA'     , 'R_ARQUETTE@YAHOO.FR'	, 2 , 3 , '7505d64a54e061b7acd54ccd58b49dc43500b635' ) ;
insert into Joueur values ( 31 , 'root' , 'root'  , 'root'     , 'root@root.com'	, 2 , 3 , '7505d64a54e061b7acd54ccd58b49dc43500b635' ) ;



-- Liste des Editeurs

insert into Editeur values ( 1  , 'Codemasters'            );
insert into Editeur values ( 2  , 'Telltale Games' 	   );
insert into Editeur values ( 3  , '2K Games'  		   );
insert into Editeur values ( 4  , 'Electronic Arts' 	   );
insert into Editeur values ( 5  , 'Ubisoft'   		   );
insert into Editeur values ( 6  , 'Take 2 Interactive'     );
insert into Editeur values ( 7  , 'Activision'  	   );
insert into Editeur values ( 8  , 'Microsoft'  		   );
insert into Editeur values ( 9  , 'Namco'  		   );
insert into Editeur values ( 10 , 'Nintendo'  		   );
insert into Editeur values ( 11 , 'Square Enix' 	   );
insert into Editeur values ( 12 , 'Micro Application'  	   );
insert into Editeur values ( 13 , 'Warner Interactive'     );
insert into Editeur values ( 14 , '2K Sport' 		   );
insert into Editeur values ( 15 , 'KOCH Media'		   );
insert into Editeur values ( 16 , 'Blizzard Entertainment' );


-- Liste des jeux

insert into Jeu values ( 1 , 'F1 2012'	      		          ,'2012-09-21' , 1	  , 2	, 'sample.jpg' );
insert into Jeu values ( 2 , 'F1 2013' 		   	  	  ,'2013-10-04' , 1    	  , 3 	, 'sample.jpg' );
insert into Jeu values ( 3 , 'The Walking Dead : 400 Days' 	  ,'2013-07-03' , 2    	  , 1 	, 'sample.jpg' );
insert into Jeu values ( 4 , 'Batman Arkham City'    	       	  ,'2011-10-20' , 13 	  , 3 	, 'sample.jpg' );
insert into Jeu values ( 5 , 'Voyage au Centre de la Terre'   	  ,'2003-11-12' , 12  	  , 1 	, 'sample.jpg' );
insert into Jeu values ( 6 , 'Tomb Raider'	      		  ,'2013-03-05' , 11   	  , 1 	, 'sample.jpg' );
insert into Jeu values ( 7 , 'Tomb Raider'			  ,'2013-03-05' , 11  	  , 2 	, 'sample.jpg' );
insert into Jeu values ( 8 , 'Call Of Duty : Modern Warfare 3'	  ,'2011-11-08' , 7    	  , 1 	, 'sample.jpg' );
insert into Jeu values ( 9 , 'Call Of Duty : Modern Warfare 3'   ,'2011-11-08' ,  7    	  , 2 	, 'sample.jpg' );
insert into Jeu values ( 10 , 'Grand Theft Auto V'   	     	  ,'2013-09-17' , 6 	  , 2 	, 'sample.jpg' );
insert into Jeu values ( 11 , 'Grand Theft Auto : San Andreas'	  ,'2005-06-10' , 6 	  , 1 	, 'sample.jpg' );
insert into Jeu values ( 12 , 'Grand Theft Auto IV    ' 	  ,'2008-04-29' , 6 	  , 2 	, 'sample.jpg' );
insert into Jeu values ( 13 , 'Grand Theft Auto IV    ' 	  ,'2008-04-29' , 6 	  , 3	, 'sample.jpg' );
insert into Jeu values ( 14 , 'Diablo III' 	      		  ,'2012-05-15' , 16	  , 1 	, 'sample.jpg' );
insert into Jeu values ( 15 , 'Naruto Shippuden : Ultimate Ninja Storm 3' ,'2013-03-08'  , 9	  , 2 	, 'sample.jpg' );
insert into Jeu values ( 16 , 'Naruto Shippuden : Ultimate Ninja Storm 3' ,'2013-03-08'  , 9 	  , 3 	, 'sample.jpg' );
insert into Jeu values ( 17 , 'Rayman Legends' 	  	   	 ,'2013-08-29' 	, 5 	  , 1 	, 'sample.jpg' );
insert into Jeu values ( 18 , 'Just Dance 4'			 ,'2012-10-04'  , 5 	  , 4 	, 'sample.jpg' );
insert into Jeu values ( 19 , 'Mario Party 9' 			 ,'2012-03-02'  , 10	  , 4 	, 'sample.jpg' );
insert into Jeu values ( 20 , 'Raymon Origins' 			 ,'2011-11-24'  , 5 	  , 4 	, 'sample.jpg' );
insert into Jeu values ( 21 , 'FIFA 14' 			 ,'2013-09-27' 	, 4 	  , 2 	, 'sample.jpg' );
insert into Jeu values ( 22 , 'FIFA 14' 			 ,'2013-09-27' 	, 4 	  , 1 	, 'sample.jpg' );
insert into Jeu values ( 23 , 'BattleField 3' 			 ,'2011-09-27'	, 4	  , 1	, 'sample.jpg' );
insert into Jeu values ( 24 , 'Call Of Duty : Modern Warfare' 	 ,'2007-09-09'	, 7   	  , 1  	, 'sample.jpg' );
insert into Jeu values ( 25 , 'Assassins Creed III'  		 ,'2012-10-31' 	, 5	  , 3 	, 'sample.jpg' );
insert into Jeu values ( 26 , 'Far Cry'        			 ,'2004-03-24' 	, 5	  , 1 	, 'sample.jpg' );
insert into Jeu values ( 27 , 'Metro : Last Night' 		 ,'2013-05-17' 	, 15	  , 3 	, 'sample.jpg' );
insert into Jeu values ( 28 , 'NBA 2K14'    			 ,'2013-10-04' 	, 14   	  , 2 	, 'sample.jpg' );
insert into Jeu values ( 29 , 'Age of Empires' 			 ,'1997-01-01'	, 8	  , 1 	, 'sample.jpg' );
insert into Jeu values ( 30 , 'Age of Empires II' 		 ,'1999-10-01'	, 8 	  , 1 	, 'sample.jpg' );
insert into Jeu values ( 31 , 'Age of Empires III' 		 ,'2005-11-04' 	, 8 	  , 1 	, 'sample.jpg' );
insert into Jeu values ( 32 , 'Civilization IV' 		 ,'2005-10-27' 	, 3 	  , 1 	, 'sample.jpg' );
insert into Jeu values ( 33 , 'Civilization V' 			 ,'2010-09-04'	, 3 	  , 1 	, 'sample.jpg' );
insert into Jeu values ( 34 , 'Bioshock'    			 ,'2008-10-17' 	, 3 	  , 2 	, 'sample.jpg' );
insert into Jeu values ( 35 , 'Bioshock 2' 			 ,'2010-02-09' 	, 3 	  , 2 	, 'sample.jpg' );
insert into Jeu values ( 36 , 'Call of Duty : Black Ops' 	 ,'2010-11-09' 	, 7 	  , 1 	, 'sample.jpg' );
insert into Jeu values ( 37 , 'Driver' 	      	    		 ,'2008-08-14'	, 5 	  , 2 	, 'sample.jpg' );
insert into Jeu values ( 38 , 'Need For Speed : Most Wanted' 	 ,'2012-10-31'	, 4 	  , 2 	, 'sample.jpg' );
insert into Jeu values ( 39 , 'Need For Speed ProStreet' 	 ,'2007-11-22'	, 4	  , 1	, 'sample.jpg' );


-- Categories de chaque jeu


insert into Categories_Jeu values ( 5 , 1  );
insert into Categories_Jeu values ( 5 , 2  );
insert into Categories_Jeu values ( 4 , 3  );
insert into Categories_Jeu values ( 4 , 4  );
insert into Categories_Jeu values ( 9 , 4  );
insert into Categories_Jeu values ( 4 , 5  );
insert into Categories_Jeu values ( 9 , 6  );
insert into Categories_Jeu values ( 9 , 7  );
insert into Categories_Jeu values ( 1 , 8  );
insert into Categories_Jeu values ( 1 , 9  );
insert into Categories_Jeu values ( 9 , 10 );
insert into Categories_Jeu values ( 9 , 11 );
insert into Categories_Jeu values ( 9 , 12 );
insert into Categories_Jeu values ( 9 , 13 );
insert into Categories_Jeu values ( 9 , 14 );
insert into Categories_Jeu values ( 8 , 15 );
insert into Categories_Jeu values ( 4 , 15 );
insert into Categories_Jeu values ( 4 , 16 );
insert into Categories_Jeu values ( 8 , 16 );
insert into Categories_Jeu values ( 10 , 17 );
insert into Categories_Jeu values ( 11 , 18 );
insert into Categories_Jeu values ( 6 , 19 );
insert into Categories_Jeu values ( 10 , 20 );
insert into Categories_Jeu values ( 2 , 21 );
insert into Categories_Jeu values ( 2 , 22 );
insert into Categories_Jeu values ( 1 , 23 );
insert into Categories_Jeu values ( 1 , 24 );
insert into Categories_Jeu values ( 9 , 25 );
insert into Categories_Jeu values ( 4 , 25 );
insert into Categories_Jeu values ( 1 , 26 );
insert into Categories_Jeu values ( 1 , 27 );
insert into Categories_Jeu values ( 2 , 28 );
insert into Categories_Jeu values ( 3 , 29 );
insert into Categories_Jeu values ( 3 , 30 );
insert into Categories_Jeu values ( 3 , 31 );
insert into Categories_Jeu values ( 3 , 32 );
insert into Categories_Jeu values ( 7 , 32 );
insert into Categories_Jeu values ( 3 , 33 );
insert into Categories_Jeu values ( 1 , 34 );
insert into Categories_Jeu values ( 4 , 34 );
insert into Categories_Jeu values ( 1 , 35 );
insert into Categories_Jeu values ( 1 , 36 );
insert into Categories_Jeu values ( 5 , 37 );
insert into Categories_Jeu values ( 9 , 37 );
insert into Categories_Jeu values ( 5 , 38 );
insert into Categories_Jeu values ( 5 , 39 );

-- Liste des commentaires

INSERT INTO `Commentaire` (`Id_Commentaire`, `Contenu`) VALUES
-- F12012
(1, 'En étant fan de F1, ce jeu m''a vraiment très plu. Une modélisation des circuits assez fantastique, la conduite est très agréable et respecte les normes de la FIA, le gameplay est vraiment immersif, les modes de jeux sont sympa. Bref un jeu à conseiller pour les fans de F1.'),
(2, 'Jeu très bien réalisé. Maniabilité des monoplaces au rendez vous , graphismes améliorées , qualité des circuits. Mais à ce prix là autant prendre F1 2011 . La différence n''est vraiment pas flagrante. Jeu moyen'),
(3, 'Ce jeu est très bien, on s''y fait facilement, la prise en main est rapide. D''autant plus que le jeu est très réaliste mise à part les réactions de l''IA et la météo.'),
-- F12013
(4, 'J''ai pu tester le jeu, et je trouve qu''il est vraiment pas mal.
Que ce soit au niveau des graphismes qui sont plutot reussis, ou au niveau de la jouabilité, je trouve que c''est un jeu de qualité.'),
(5, 'Quelques amélioration par rapport a F1 2012, dans l''ensemble c''est un très bon jeu de F1. La sensation dans les virages et améliorée, le menu principal a cependant très décevant. Le test des jeunes pilotes a pas beaucoup évoluer depuis l''année dernière, le seul point négatif.'),
(6, 'Certes meilleur que le precedent mais la voiture est vraiment mal modelisee et les pneus... non mais franchement ils seraient mieux fait en utilisant ''Paint'' je crois ! Impardonnable !'),
-- WALKING
(7, 'On retrouve vraiment l''ambiance attachante de TWD , contrairement au Test de JVC je trouve que pour 5euros le "DLC" car oui il ne faut pas oublié que c''est un DLC , est largement assez long et vaut son prix .
Des perso bien charismatique , des choix qui demande encore plus de temps , Bref ce 400 dayq annonce que du BON !! Vivement la saison 2 et clémentine :) '),
(8, 'Si vous avez aimé la saison 1, ce dlc (beaucoup trop court ) permet de se replonger dans cet univers impitoyable, et surtout de nous faire baver en attendant la saison 2 ! A réserver donc aux fans de la saison 1 comme moi, trop court mais tellement bon...'),
(9, 'The Walking Dead : 400 Days ne manque pas de qualités, mais a une mauvaise construction. Difficile de s''attacher à ces nouveaux survivants ; d''autant que la progression prend parfois des raccourcis. Sinon, de bons dialogues, une ambiance superbe, cependant très court, et le prix est un peu haut pour ce qu''il propose.'),
-- Batman
(10,'Fantastique Violent Sombre Magnifique Puissant Gigantesque Mysterieux Torturé
Un Chef d''oeuvre. '),
(11,'Un jeux digne du DC, énormément de possibilités de jeux, des gadgets qui fond rêver, des combats spectaculaires, de très bonnes idées comme les différentes skins, Catwoman, ainsi que Robin et Nightwing. Vivement le prochain !'),
(12,'Vivement que le problème avec directX 11 soit réglé à part ça le jeu est sublime, personnages charismatiques, que demander de mieux.
Le fait de pouvoir se balader à sa guise dans la "city" est tout simplement énorme.
Je conseil ce jeu sans une once d''hésitation. '),
-- Voyage 
(13,'Les graphismes sont superbes surtout dans la ville.
Hélas la jouabilité est limite, notamment pour passer d''un écran à l''autre, mais aussi pour trouver parfois LE pixel.'),
(14,'Jeu d''une grande, grande lenteur. Les déplacements sont beaucoup trop lents ! On a du mal à s''y prendre ! Difficile de rester concentré ! Les commandes ne répondent pas toujours quand il le faudrait... Les graphismes sont loin d''arriver à la cheville de certains jeux d''aujourd''hui. Décevant !'),
-- Tomb Raider PC
(15,'Le jeu est magnifique !
Graphiquement vous n''aurez rien à redire.
Le gameplay et fluide et intuitif. Vous n''êtes pas du tout obligé d''utiliser l''instinct pour avancer, au contraire.
L''ambiance est au rendez vous, très sombre, on a souvent pitié de la jeune Lara.
Le seul petit défaut sont les cheveux de Lara qui partent dans tous les sens, mais ce probleme sera bientôt corrigé.'),
(16,'Tomb Raider est bon jeu mais est beaucoup trop influencé par les mécaniques des jeux actuels. Ainsi, le jeu est d''une facilité enfantine, on ne rencontre strictement aucune difficulté sur tous les aspects du jeu.'),
-- Tomb Raider PS3
(17,'20/20 Car ce jeu est tout simplement une bombe !! la manette en main et impossible de s’arrêter tellement que le jeu accroche, enfin un bon jeu d''aventure depuis uncharted , ce jeu est un pur bonheur.'),
(18,'Ce jeu est une réussite totale il y a temp d choses a faire et a attraper, les combats sont supers dynamique et très bien organisés avec notre lara plus jeune.'),
-- COD MW3 PC
(19,'Tout simplement un copier-coller des anciens COD. Alors pourquoi ne pas le noter aussi bien que COD 4 ? Je m''explique :
quand vous faites un copier-coller de wikipedia et que tout est bon votre prof vous met une salle note. Ici c''est pareil'),
(20,'M''as permis de passer le temps d''un week-end pendant qu''il était gratuit sur steam, ce jeu n''est pas vraiment différent du 2. Le gameplay c''est la même chose, toujours tuer des bonhommes. Je préfère largement le 2, qui en plus est moins chère.'),
-- COD MW3 PS3
(21,'Ce jeu est une copie conforme de son aîné Modern Warfare 2, juste quelques micro-améliorations sur le multi, sinon gameplay, moteur graphique inchangé et scénario encore plus capillotracté... Très décevant moi qui attendait une bonne suite à Modern Warfare qui était une série pourtant partie du bon pied mais qui a croisé le chemin d''Actipognon... '),
(22,'Un opus assez bon , avec une campagne hoolywoodienne bien réalisée, Certainement une des meilleures de la série MW ; et un multi efficace. Seulement , j''ai l''impression qu''il a régressé par rapport a MW2 , qui était dantesque , que ce soit niveau multi ou graphismes.'),
(23,'J''ai franchement été déçu par ce Modern Warfare 3 qui s''avérait pourtant un bon jeu. Mais on remarque qu''Activision font tellement de pubs pour un jeu pareil car il s''appelle Call of Duty. Pourtant je suis un joueur de Call of Duty, mais aussi de Battlefield. J''ai donc pris les deux jeux et mon choix s''est tournée vers Battlefield 3. MW3 ne propose pas de nouveautés, à part un mode survie sympathique et une campagne solo spectaculaire mais très brêve.'),
-- GTA 5
(24,'Je recommande vraiment ce jeux a tous le monde, le monde est juste magnifique, je trouve qu''on a une plus grande liberté, les personnages sont assez réaliste et niveaux mission j''en es fais peu mais vraiment on ne s''ennuie pas un moment'),
(25,'juste une chose qu''ils n''ont toujours pas amélioré sur gta à quand les scénarios en francais et non en anglais ,lire les sous titres en pleine course poursuite ou simplement en pleine mission sa devient très lourd .'),
-- GTA SA
(26,'Un classique, pour moi c''est le meilleur gta'),
(27,'C''est pas dur, si vous n''avez pas jouer à ce jeu dans votre enfance, vous avez loupé votre vie, sans rire.'),
-- GTA 4 PS3
(28,'Grand Theft Auto 4 est clairement un bon GTA selon moi. Un brin plus mature et réaliste que ceux de la génération PS2 cependant. J''ai trouvé cela dommage, car je n''ai pas retrouvé le fun qui m''a tant enchanté dans GTA SA et VC.'),
(29,'Attetion ce jeu est une révolution
des graphismes super, des effets à tomber dans les pommes,des réalismes comme dans la vraie vie...'),
-- GTA 4 XBOX
(30,' Jeu très développé au niveau du graphisme et du scénario. Je recommande'),
(31,'Bon graphisme, Jeu très réaliste, beaucoup plus que les autres épisodes de cette magnifique série Grand Theft Auto !!'),
-- Diablo III
(32,'Le jeu est bon mais ne casse pas trois pattes à un canard.
La difficulté est mal calibré, les trois premiers mode de difficulté sont beaucoup trop simple et les trois derniers actes du mode armageddon sont 20 fois plus durs. Il faut donc passé environ 50 heure pour enfin trouvé du challenge, youpi si on veut faire du reroll...'),
(33,'Diablo 3 était attendu depuis 12 ans. Non seulement par ceux qui comme moi avaient passé des milliers d''heures sur les deux autres, mais aussi par ceux qui en ont entendu parler comme "la suite d''une série culte". 12 ans pour sortir un jeu, alors qu''il n''y en avait eu que 4 entre les deux premiers. Tout ce temps pour... ça?'),
-- NAruto XBOX
(34,'Je donne un bon 15 à ce jeu. Le gameplay est toujours aussi plaisant, les graphismes à tomber et un roster très large (malgré l''absence de quelques personnages, mais ça ne gâche en rien mon plaisir de jeu).'),
(35,'ce jeu est genial rien a dire les combat sont super les scene de QTE son magnifique. franchement ce jeu est a avoir meme si vous etes pas fan de la serie il est PAR-FAIT. rien avoir avec les beat s mall tires des autres jeu manga'),
-- Rayman
(36,'Tout simplement parfait , Rayman Legends est le meilleur jeu de plateforme/action auquel j''ai joué , les graphismes styles dessin sont magnifique , coloré et enchanteur , le scénario est très mignon , les personnages sont tous attachant , et la durée de vie est énorme pour un prix si bas , bref un jeu à avoir absolument dans sa ludothèque , à coté de Rayman Origins , bref Rayman Legends et LE jeu qu''il faut en 2013 !'),
(37,'Rayman Legends est le digne successeur de l''excellent Rayman Origins ! Les graphismes sont tout simplement magnifique, le fun est la comme jamais, la musique est de toute beauté, les niveaux sont beau, grand, fluide et non linéaire... Pour seulement 30€ vous, vous offrez certainement le jeu de l''année sur PC !
Je ne peux que vous le recommander en URGENCE !'),
(38,'Tout simplement brillant.
Une jouabilité exceptionnelle, une réelle identité artistique avec un moteur qui suit, une durée de vie très correcte, la difficulté bien dosée mais pas dénudée de passages hardcores.'),
-- Just Dance 4
(39,'Le jeu à connu une énorme amélioration graphique au niveaux des personnages et fond. Une trackliste en béton mais possède une fois de plus trop de titres exclusifs !
La détection des mouvement est correcte !
Mais la durée de vie du jeu est assez faible !'),
(40,'bon jeu, les dances sont biens.
par contre je trouve un peu nul que "gagnam style" soit a payer.
Sinon je trouve ce jeu beaucoup mieu que le 3 car on s''en lasse beaucoup moins vite.'),
-- Mario Party 9
(41,'Après une longue attente et un Mario Party 8 qui mavait laissé sur ma faim, me voilà bien surpris!!! Les règles ont changées et tant mieux!!!Qu''est-ce que je m''embetait a attendre mon tours en voyant les autres avancer chacun de leur côté!J''en pouvais plus!Maintenant,grace à la voiture tout le monde doit revoir sa stragégie à cahque tours!Car oui Grace aux voitures et aux dés pipés,Mario Party commence à prendre la forme d''un jeu stratégique, et ça, sa fait du bien!'),
-- Rayman Origins
(42,'Un jeu génial, tout simplement. J''ai passé des heures à finir l''aventure, je passe actuellement des heures pour avoir les 10 dents rouges nécéssaires à ouvrir le monde secret et je passerais sûrement encore beaucoup d''heures sur le jeu ! Mon meilleur jeu de la Wii !'),
(43,'Super jeu de plate forme, avec des musiques et personnages assez RIGOLO LOL, la jouabilité de ce jeu est très fluide et accessible à tout le monde, de bons moments de fou rire au rendez-vous dans ce jeu que je conseille évidemment à tout le monde ;-)'),
-- Fifa 14 PS3
(44,'Peu d''évolution, c''est ce qui me decoit le plus les dribbles rapide vont etre toujours aussi exagerer.'),
-- FIFA 14 PC
(45,'Pas bcp d''evolution mais tjr mieux que PES'),
-- Battlefield 3
(46,'Tres bon FPS, change des COD'),
(47,'Battlefield 3, grand concurent de mw3 lors de sa sortie n''a certe pas fait autant de vente mais niveau qualité on ne peux pas réver mieux !
Le mode en ligne est simplement magique, il nous est possible de tous faire : conduire char, avion de chasse, hélicoptère etc...'),
-- AOE III
(48,'Je n''ai jamais joué aux précédents opus, donc ce jeu était une découverte pour moi, et bien je n''ai pas été déçu ! Les graphismes sont corrects, l''histoire est sympatique à jouer et les add-ons rallongent la durée de vie du jeu. Ayant des amis qui jouent également à ce jeu, je prend donc encore plus de plaisir à y jouer.'),
-- CIVILIZATION V
(49,'Fonde ton empire et botte le cul des fous qui oseraient te remettre en doute ou t''attaquer ou, pire, se mettre en travers de la route de ta future grande dictature sanguinaire faîte de petites citées-états sans intérêt qui ne demandent qu''à faire amis-amis pour se faire détruire plus rapidement.
Bref, Civilization V ou le jeu où t''es envie expensionniste prennent vie'),
(50,'Aujourd''hui, jour de sortie de son extension, j''en profite pour commenter Civilization V, issu de la légendaire saga des Civilization de Sid Meier...
Jeu quui révolutionne CivIV, principalement avec le principe d''une seule unité par case (disposées en diagonale). il faut avouer que le jeu devient tout de suite bcp plus réaliste et pratique durant les batailles
le multi est excellent :-)'),
-- NFS ProStree
(51,'Tres bon jeu de course.'),
(52,'Malgré le fait que ce nfs se déroule sur circuits , il est assez bon.
La personnalisation du véhicule est poussée jusqu''au moindre détail et les graphismes ne sont pas dégueulasses.
Très bon pour son prix ');


-- Liste des notes
INSERT INTO `Note` (`Id_Note`, `Id_Joueur`, `Id_Jeu`, `Id_Commentaire`, `Note`, `Date_Note`) VALUES
(1 , 23 , 1  , 1  , 15 , '2013-10-23 00:00:00'),
(2 , 28 , 1  , 2  , 14 , '2013-11-2 00:00:00' ),
(3 , 11 , 1  , 3  , 16 , '2013-11-15 00:00:00'),
(4 , 15 , 2  , 4  , 17 , '2013-11-14 00:00:00'),
(5 , 17 , 2  , 5  , 14 , '2013-8-5 00:00:00'  ),
(6 , 21 , 2  , 6  , 11 , '2013-11-12 00:00:00'),
(7 , 7  , 3  , 7  , 16 , '2013-1-7 00:00:00'  ),
(8 , 8  , 3  , 8  , 17 , '2013-10-10 00:00:00'),
(9 , 10 , 3  , 9  , 13 , '2013-11-4 00:00:00' ),
(10, 9  , 4  , 10 , 20 , '2013-4-2 00:00:00'),
(11, 5  , 4  , 11 , 19 , '2013-5-25 00:00:00'),
(12, 3  , 4  , 12 , 16 , '2013-6-25 00:00:00'),
(13, 1  , 5  , 13 , 12 , '2013-6-10 00:00:00'),
(14, 2  , 5  , 14 , 7  , '2013-7-22 00:00:00'),
(15, 6  , 6  , 15 , 16 , '2013-11-4 00:00:00'),
(16, 12 , 6  , 16 , 13 , '2013-11-5 00:00:00'),
(17, 8  , 7  , 17 , 20 , '2013-11-6 00:00:00'),
(18, 4  , 7  , 18 , 18 , '2013-11-7 00:00:00'),
(19, 5  , 8  , 19 , 6  , '2013-11-25 00:00:00'),
(20, 17 , 8  , 20 , 9  , '2013-11-25 00:00:00'),
(21, 18 , 9  , 21 , 11 , '2013-11-25 00:00:00'),
(22, 19 , 9  , 22 , 14 , '2013-11-25 00:00:00'),
(23, 26 , 9  , 23 , 12 , '2013-11-25 00:00:00'),
(24, 27 , 10 , 24 , 19 , '2013-11-25 00:00:00'),
(25, 28 , 10 , 25 , 17 , '2013-11-25 00:00:00'),
(26, 17 , 11 , 26 , 16 , '2013-11-25 00:00:00'),
(27, 15 , 11 , 27 , 19 , '2013-11-25 00:00:00'),
(28, 16 , 12 , 28 , 18 , '2013-11-25 00:00:00'),
(29, 26 , 12 , 29 , 16 , '2013-11-25 00:00:00'),
(30, 10 , 13 , 30 , 15 , '2013-11-25 00:00:00'),
(31, 25 , 13 , 31 , 16 , '2013-11-25 00:00:00'),
(32, 22 , 14 , 32 , 13 , '2013-11-25 00:00:00'),
(33, 23 , 14 , 33 , 11 , '2013-11-25 00:00:00'),
(34, 13 , 15 , 34 , 15 , '2013-11-25 00:00:00'),
(35, 11 , 15 , 35 , 19 , '2013-11-25 00:00:00'),
(36, 10 , 17 , 36 , 20 , '2013-11-25 00:00:00'),
(37, 6  , 17 , 37 , 18 , '2013-11-25 00:00:00'),
(38, 7  , 17 , 38 , 19 , '2013-11-25 00:00:00'),
(39, 8  , 18 , 39 , 14 , '2013-11-25 00:00:00'),
(40, 9  , 18 , 40 , 13 , '2013-11-25 00:00:00'),
(41, 1  , 19 , 41 , 16 , '2013-11-25 00:00:00'),
(42, 2  , 20 , 42 , 17 , '2013-11-25 00:00:00'),
(43, 14 , 20 , 43 , 15 , '2013-11-25 00:00:00'),
(44, 15 , 21 , 44 , 13 , '2013-11-25 00:00:00'),
(45, 27 , 22 , 45 , 15 , '2013-11-25 00:00:00'),
(46, 26 , 23 , 46 , 14 , '2013-11-25 00:00:00'),
(47, 18 , 23 , 47 , 17 , '2013-11-25 00:00:00'),
(48, 18 , 31 , 48 , 16 , '2013-11-25 00:00:00'),
(49, 2  , 33 , 49 , 17 , '2013-11-25 00:00:00'),
(50, 3  , 33 , 50 , 18 , '2013-11-25 00:00:00'),
(51, 12 , 39 , 51 , 15 , '2013-11-25 00:00:00'),
(52, 20 , 39 , 52 , 14 , '2013-11-25 00:00:00');

INSERT INTO `Pertinence` (`Id_Commentaire`, `Id_Joueur`, `Valeur`) VALUES
( 1  , 24  , 1  ),
( 1  , 10  , 1  ),
( 1  , 11  , -1 ),
( 1  , 19  , 1  ),
( 1  , 25  , -1 ),
( 1  , 17  , 1  ),
( 1  , 18  , -1 ),
( 1  , 5   , 1  ),
( 2  , 29  , 1  ),
( 2  , 30  , -1 ),
( 2  , 12  , -1 ),
( 2  , 11  , 1  ),
( 3  , 13  , 1  ),
( 4  , 16  , 1  ),
( 5  , 9   , 1  ),
( 5  , 8   , -1 ),
( 5  , 1   , 1  ),
( 6  , 20  , -1 ),
( 6  , 22  , 1  ),
( 7  , 13  , 1  ),
( 7  , 8   , -1 ),
( 7  , 3   , 1  ),
( 8  , 6   , -1 ),
( 8  , 7   , 1  ),
( 9  , 19  , -1 ),
( 9  , 11  , 1  ),
( 9  , 14  , -1 ),
( 9  , 24  , 1  ),
( 10 , 10  , -1 ),
( 11 , 2   , 1  ),
( 12 , 26  , -1 ),
( 14 , 1   , 1  ),
( 14 , 10  , -1 ),
( 14 , 11  , 1  ),
( 14 , 21  , -1 ),
( 15 , 7   , 1  ),
( 15 , 17  , 1  ),
( 16 , 27  , 1  ),
( 16 , 2   , 1  ),
( 16 , 3   , -1 ),
( 16 , 23  , -1 ),
( 17 , 18  , -1 ),
( 18 , 5   , 1  ),
( 18 , 25  , 1  ),
( 18 , 29  , 1  ),
( 18 , 14  , -1 ),
( 18 , 17  , -1 ),
( 18 , 1   , 1  ),
( 18 , 12  , 1  ),
( 19 , 6   , 1  ),
( 19 , 7   , -1 ),
( 20 , 16  , 1  ),
( 21 , 20  , -1 ),
( 21 , 19  , 1  ),
( 21 , 21  , -1 ),
( 21 , 30  , 1  ),
( 21 , 24  , -1 ),
( 21 , 10  , -1 ),
( 21 , 11  , 1  ),
( 22 , 29  , 1  ),
( 23 , 16  , -1 ),
( 24 , 9   , 1  ),
( 25 , 5   , -1 ),
( 26 , 18  , 1  ),
( 26 , 14  , -1 ),
( 27 , 26  , 1  ),
( 27 , 4   , -1 ),
( 27 , 19  , 1  ),
( 28 , 9   , -1 ),
( 29 , 1   , -1 ),
( 29 , 15  , -1 ),
( 29 , 16  , 1  ),
( 29 , 13  , -1 ),
( 30 , 19  , 1  ),
( 30 , 23  , -1 ),
( 31 , 30  , 1  ),
( 31 , 14  , -1 ),
( 31 , 16  , 1  ),
( 32 , 23  , -1 ),
( 32 , 27  , 1  ),
( 33 , 24  , -1 ),
( 33 , 17  , 1  ),
( 33 , 6   , 1  ),
( 34 , 12  , -1 ),
( 34 , 7   , 1  ),
( 35 , 21  , 1  ),
( 35 , 22  , 1  ),
( 35 , 8   , -1 ),
( 35 , 26  , -1 ),
( 36 , 2   , 1  ),
( 37 , 4   , 1  ),
( 39 , 18  , -1 ),
( 42 , 12  , 1  ),
( 42 , 23  , 1  ),
( 42 , 24  , 1  ),
( 43 , 30  , 1  ),
( 44 , 30  , -1 ),
( 44 , 1   , 1  ),
( 45 , 5   , 1  ),
( 45 , 19  , -1 ),
( 46 , 29  , 1  ),
( 46 , 10  , 1  ),
( 46 , 16  , -1 ),
( 47 , 10  , 1  ),
( 48 , 20  , 1  ),
( 48 , 8   , -1 ),
( 49 , 8   , -1 ),
( 49 , 11  , 1  ),
( 50 , 6   , 1  ),
( 51 , 27  , -1 ),
( 52 , 23  , 1  ),
( 52 , 24  , 1  );
